reviewId,userName,userImage,content,score,thumbsUpCount,reviewCreatedVersion,at,replyContent,repliedAt,appVersion
77004006-db33-4999-82a2-1b87364fbd9e,Andreas Pamungkas,https://play-lh.googleusercontent.com/a-/ALV-UjWXkRWT66Ay-j_0oukRrC7dEIINnLolGKUhaftl7l3aA5ZHoOfJ,Still detected as signed in in other device despite having logged them out.,1,0,8.105.0 build 15 50626,2025-05-20 14:50:22,,,8.105.0 build 15 50626
156693a4-affb-4718-bd9f-7f6823df04a3,Roman ZIGRIR,https://play-lh.googleusercontent.com/a/ACg8ocJOBcfi4rJaAUC29lRTXWY3xaG3nxp1TF92zovxkid70ep6DsY=mo,not email,1,0,8.93.1 build 4 50540,2025-05-20 14:40:41,,,8.93.1 build 4 50540
6e899cc6-cac9-4489-8bf6-e14400253b95,Trace Walker,https://play-lh.googleusercontent.com/a-/ALV-UjV2jcQEUpnX1ynZgCTCK9_UD4DxFcej2z4FtM11xkZdRBVR_bs,is very hard to find the option for downloads like I never knew Netflix could take up so much storage when downloading movies and then getting rid of the download is quite easy but I'm trying to find where to delete everything because I deleted all my downloads but it still says it takes a 15 gigabytes and I only have 30 so that's way too much,3,0,,2025-05-20 14:37:20,,,
c20ae2d4-0430-4748-abc0-cc7ba74fa846,trupti Sangale,https://play-lh.googleusercontent.com/a-/ALV-UjWUAvSKGnI_INV7TY0_czm58zHicsXBKfbaS-4zhndtjmGTPjyl3A,"I can't able to see the series the picture is not visible, only the loading options is comming up , payment process is done then too it is not working properly , i can see Trailer but can't able to play the hole seance of web series and movie.",2,0,,2025-05-20 14:36:56,,,
bafc6867-c3a3-4fb4-99a2-44bffa987463,Ramadevi Ch,https://play-lh.googleusercontent.com/a-/ALV-UjW2ZFBXiUGImvM7fvuJKgPLAIEwkFkaIp0TTDHoE7o98aWPP1on,U. Srinivas,5,0,9.15.1 build 11 62624,2025-05-20 14:29:09,,,9.15.1 build 11 62624
e5462452-5c1b-411a-b131-a0dcd14bd556,Zoelfa Arnolds,https://play-lh.googleusercontent.com/a/ACg8ocIFERcXsrEVpPDj2NF7uIhQj74aUVvEfgLHr8Gao86AyVgspA=mo,okay,5,0,8.143.5 build 19 52400,2025-05-20 14:22:25,,,8.143.5 build 19 52400
157b06e8-250c-4a4c-a216-726a1c1c9de7,alexey pasay,https://play-lh.googleusercontent.com/a-/ALV-UjUhkPfGNKaudVnWweMnmiIGB_P4S2uk58QLDxSGZ3TmwAaMFOI,"Good, but i just hate the fact that i need to keep updating my netflix, I recommend to lesses this encounter cus somethimes i dont have acces to my gmail",4,0,9.15.1 build 11 62624,2025-05-20 14:20:39,,,9.15.1 build 11 62624
27ceeee4-d5b9-4e65-9768-bb255a5ff286,Kyleigh Sophia Maquinto (Kai),https://play-lh.googleusercontent.com/a-/ALV-UjUULYVeHZSAWnsDzywYrxEk68P8aoDLRSSDtXVYoSz50v7yXPE,really good overall although the PIP feature doesn't work for me even though different apps do it fine which is frustrating üíî,3,0,9.15.1 build 11 62624,2025-05-20 14:07:37,,,9.15.1 build 11 62624
a4d5108f-801b-4f27-b79a-122ea7ec9d8f,Mohit Aggarwal,https://play-lh.googleusercontent.com/a-/ALV-UjWUBCblu9YnipN_CZx0DKeSy-3PvoyOMt0CuuOUwTVY3y6-0bY,BEWARE - DON'T CHANGE THE PLAN AFTER A DAY OR IN THE MIDDLE. If you're trying to change the plan after a day or in the middle don't do it. I was trying to change my plan back to premium thinking I would just pay 149 rs extra for prem. plan & get full streaming days till 19 june as I renewed on 19 may these idiots reduced 6 streaming days from my plan & reduced it till 13 june & there's no way to change back or do anything or get compensation for reduced days. I Want My Full 30 Streaming Days....,1,0,9.15.1 build 11 62624,2025-05-20 13:26:33,,,9.15.1 build 11 62624
a1d79fe3-e0dc-4a5f-88e5-98c8886a52cf,janice goliath,https://play-lh.googleusercontent.com/a-/ALV-UjWUxSmJh53_L-oi_cR6y-Omeup2ZklA0Y_FdsVB89p989sVKug,love itüòé,5,0,9.9.1 build 9 62416,2025-05-20 13:17:31,,,9.9.1 build 9 62416
1a484891-c4b7-4d2c-a9af-25c3e2fbce5e,Cynthia Yang,https://play-lh.googleusercontent.com/a-/ALV-UjVXwKWsxOfEfCiIxCGdRzzzVovTB41wgn_45ncpscqzXTvoG9IF,"I enjoy this app very much, but still there are some issues like it's taking too long to respond or loading, please fix it and ALSO...I WISH MORE CHINESE MAINLAND DRAMA SERIES ON NETFLIX!",3,0,9.15.1 build 11 62624,2025-05-20 13:03:49,,,9.15.1 build 11 62624
ebe8368a-1a2b-436c-b382-d567d165a5dc,Bibi Claret,https://play-lh.googleusercontent.com/a-/ALV-UjXkhHPES7xpMpD-U8dRR4NaS9r2XW2QbUWBLoO98SPYQI4HKvk,"Everything was smooth at the beginning but now I can't even watch any movies because it keep on just ""loading"" but it's never an internet connection problem because I can still stream on my other apps.",1,0,,2025-05-20 12:36:59,,,
d4c26c35-2f71-43c4-a014-4a97abbce642,Saujol Bagh,https://play-lh.googleusercontent.com/a-/ALV-UjWRcS4N2pVWiwZxQC1DRG48evHTuIrDqTvFDtpspQYhW9TYAevW,Very Boring Shows. Never find anything nice to watch. Their recommendation algo is so poor and useless.,1,0,9.15.1 build 11 62624,2025-05-20 12:35:59,,,9.15.1 build 11 62624
47c82bf9-2d89-4a1e-86df-0c2107d9172c,Lekshmi,https://play-lh.googleusercontent.com/a/ACg8ocKcsvYNS02d9a8xi-IUpb2ba13xL9rfsAoPIQFVhPjoQGJZTA=mo,Very good üëç,5,0,,2025-05-20 12:30:08,,,
f3dbef34-84f1-466f-8a0b-9d0e8dd81204,Atish Sonawane,https://play-lh.googleusercontent.com/a-/ALV-UjW2Am43K7t0Hh98BctXSDOgNT4aPY3hnrU_vqBVlk9eLxzon5Sw,please Hindi dub gangster the cop the devil,4,0,,2025-05-20 12:20:09,,,
971aa805-542c-45e1-9126-cfe85db141bd,Maharaj Works,https://play-lh.googleusercontent.com/a-/ALV-UjX0vwzRCCKrPvha2u27ozGJRPYR2YT95UDrDmZYcTGBkdaMqKu-,Very Good quality.,5,0,9.15.1 build 11 62624,2025-05-20 11:53:14,,,9.15.1 build 11 62624
152b8130-3c7f-4079-8c31-9d1aa783d410,Norman Jr Caballero,https://play-lh.googleusercontent.com/a-/ALV-UjXYXL0dO6eHDvKvJbr7QtlHBZ9UiyJ9th5kqo1TXe_lzy9NoFDR,WORST APP KEEPS LOGGING ME OUT. I CAN'T LOGIN BACK. EVEN USING MY PASSWORD IT WON'T LET ME LOGIN. TRIED THE CHANGE PASSWORD AND LOGIN USING CODE. IT KEEPS PROMPTING ERROR. PAID FOR MONTHLY FEES BUT GOT A USELESS APP,1,0,9.15.1 build 11 62624,2025-05-20 11:46:48,,,9.15.1 build 11 62624
ccf2d040-40f3-4679-bf8b-fc5ca35235b8,Bhavesh Shukla,https://play-lh.googleusercontent.com/a-/ALV-UjWTtzBochTzpNZBCN6ERZGKfMtqqHLbIKFG3LMkPQeIDrW_qdCe,this is very bad rechargeing problem,1,0,9.15.1 build 11 62624,2025-05-20 11:40:07,,,9.15.1 build 11 62624
2d2f9df4-d043-44f3-ae5a-c1489bc888cf,Simran Bamne Bamne,https://play-lh.googleusercontent.com/a-/ALV-UjXZVI7UClZ4h7LKTpngUHnYFY1fHGTEePm3aJi2YKmRR74kQyQ0,nice,4,0,9.15.1 build 11 62624,2025-05-20 11:33:55,,,9.15.1 build 11 62624
399ea84b-ca03-48d5-bed1-8e21a7fe0356,Arman Armancat,https://play-lh.googleusercontent.com/a/ACg8ocLQPZRPQKAY2ZtVOGQXFb1OQD9K5R-dVSWSR-9l1o8TpX_KZQ=mo,very bad Netflix amount is heavy rate and giving not in available things of Anime types of movies prime video is a best go to the prime video I will delete is Netflix do not use Netflix very bad,1,0,9.15.1 build 11 62624,2025-05-20 10:58:12,,,9.15.1 build 11 62624
95cb0e7a-6cea-4d42-a0ea-beab297baceb,Faisal Shaikh,https://play-lh.googleusercontent.com/a/ACg8ocKDt5oB7U016m3aB4TiCN3_1rO2Kc6l849xacwSfiru8wiYHQ=mo,best,5,0,9.15.1 build 11 62624,2025-05-20 10:52:36,,,9.15.1 build 11 62624
99c750ae-201c-4f97-9f9c-3f32771b41f9,Arun Kumar,https://play-lh.googleusercontent.com/a-/ALV-UjUBvs4K1I6bTlqWyTk86dO-lJ8khsSG7fTE_3SGyDbC8fKWGc6Z,Nice App,5,0,9.15.1 build 11 62624,2025-05-20 10:40:06,,,9.15.1 build 11 62624
d1307841-54b4-4399-9d52-e8d8ca5be9a6,Muhammad Ariff,https://play-lh.googleusercontent.com/a-/ALV-UjUFRSQAno21NWQFU76rJBXeUXRvA0YnkZUKJQYkxFwQpYE5hvDT,not support at android box,1,0,9.15.1 build 11 62624,2025-05-20 10:39:45,,,9.15.1 build 11 62624
89de9e70-cc59-4043-bd2f-e8d874b180ac,piyush,https://play-lh.googleusercontent.com/a/ACg8ocLUaM9mX7EXn8LmJWqSX4RdbYTZQLB88eKomXIcswPFHfSWaw=mo,THIS APP IS FULLY ENTERATAINMENT APP IN THE WORLD ...,5,0,9.15.1 build 11 62624,2025-05-20 10:20:20,,,9.15.1 build 11 62624
399d6129-bd41-4a2a-8bae-57e781d44b62,Ogwu Godfrey,https://play-lh.googleusercontent.com/a/ACg8ocLgA4NtebNYIm-D4a6phT6Jqrrb5DKAqdff05i_APX0_HVFtQ=mo,it's difficult to sign in,1,0,9.15.1 build 11 62624,2025-05-20 09:59:16,,,9.15.1 build 11 62624
82f82e21-c432-434b-84f3-9d864ddeec85,Israel Jacob,https://play-lh.googleusercontent.com/a-/ALV-UjV0R3Su3V8OdTl43CpNGinCJ5Jx-LdBUN22mhrPuyl33HbR_Zqt,nice app,5,0,9.15.1 build 11 62624,2025-05-20 09:54:43,,,9.15.1 build 11 62624
ca493213-24ff-403e-91c0-6784a17fad82,Sunny Anant,https://play-lh.googleusercontent.com/a-/ALV-UjWOsD7zTSmv6E0msjwVNirL3761t3tQuHZqCo2XVQ6KCy8hq0U,so sweet of thrones season and you can do it for you to sahi,5,0,9.15.1 build 11 62624,2025-05-20 09:45:42,,,9.15.1 build 11 62624
bb3928d3-0de2-431b-8162-468016a8dbee,James White,https://play-lh.googleusercontent.com/a/ACg8ocKqJOezDRfs3dZJjSQXlmO5aWVAQPYYUMdKFm9dPWpKFy-CjQ=mo,it is all right but needs some new movies.,3,0,,2025-05-20 09:22:57,,,
4f5fa566-860d-407b-b41d-d1d0bd2b3840,Ajaz Ch,https://play-lh.googleusercontent.com/a/ACg8ocILsc4qboo0iYhpNtz9VWZwIQAgJsKKpmE2lAWyOFuIQAlctA=mo,Best app,5,0,,2025-05-20 09:22:35,,,
912e7032-0a11-4b20-b706-cc485cb31f9a,Nobuhle Zondo,https://play-lh.googleusercontent.com/a/ACg8ocKNw6JI4cC9e8EwrPMaJfE7GsVaAcj4bBbUY99Km3slPG3tcw=mo,It so amazing app but it refused in to me on sign up,3,0,,2025-05-20 09:15:39,,,
8d6af943-31f0-43d7-b186-03947752941f,Von Magbanua,https://play-lh.googleusercontent.com/a-/ALV-UjWAuyuTQyfyUGw77aPgQyTRj3VcYwo588_HHP3sz4b-bozyC_G9,I'm rating this a 1 star because I'm just watching one piece and in some part of the show there are missing episodes like 500 episodes of one piece episode never trusting Netflix again,1,0,9.15.1 build 11 62624,2025-05-20 08:52:34,,,9.15.1 build 11 62624
40c44a35-3b37-4145-b25e-f8dc91827643,Jude Mathew Divida,https://play-lh.googleusercontent.com/a-/ALV-UjWeGhjbsTZ83UwsNVVY_XSE8TGpveabFEzKD5qfCdfCccrwCrM,This app is so beautiful to watch my favorite movies üòç,5,0,,2025-05-20 08:37:47,,,
ea1b8850-5218-4705-a308-26f2b035ffbc,Jonas kamby Kathindi,https://play-lh.googleusercontent.com/a-/ALV-UjVVsGu3adx28iJPRmTLLemSFbUbqOufxMf5FgxbKWfMY9dbKyNX,the best,5,0,9.15.1 build 11 62624,2025-05-20 08:22:26,,,9.15.1 build 11 62624
de4990bb-9743-4f4c-9009-bcb663c4082e,VINEET YADAV,https://play-lh.googleusercontent.com/a-/ALV-UjVtqOCa7lL0UovFnPE_m0tEzxzfYXoh0CJfhIOccGmlNRb12UjT,worst app üòë üòí,1,0,9.15.1 build 11 62624,2025-05-20 08:20:15,,,9.15.1 build 11 62624
46f5b6d7-d715-4520-9d51-ac71c144f793,Pania,https://play-lh.googleusercontent.com/a/ACg8ocJZ_0JMQXXLFiDevSp8mPV2-T4DX6DR2kogiD1u5A32JDIA3A=mo,yes it was me push the wrong button I'm sorry,5,0,9.15.1 build 11 62624,2025-05-20 07:54:10,,,9.15.1 build 11 62624
9366b08e-4e17-491c-8d3f-6b6b68c203bb,Karlstein Dimailig,https://play-lh.googleusercontent.com/a-/ALV-UjUCfQQukH3viBuwhmCF8_1fZDPeWT_8oUzwpC-jQWrtXFmevGg,"I can't watch it! It will for ""loading"" only and it will corrupt the app please fix it.",1,1,9.15.1 build 11 62624,2025-05-20 07:49:21,,,9.15.1 build 11 62624
427bba8c-ece0-45ff-8d3c-6c2d1317d7f8,kblam1001,https://play-lh.googleusercontent.com/a/ACg8ocL4ZmYDt9XtSMmnOnsS9x8YXyv07BKFFJLcO9pQc1ib8kuJUQ=mo,"You guys need to give option to choose 1080p playback on all devices.We pay you for it for God's sake. Screw your million dollar company for scamming us and also stealing our data, now making AI ads. Piracy respects my privacy more than you people. You guys are really selfish and greedy. You don't deserve our money. F U",1,0,9.15.1 build 11 62624,2025-05-20 07:42:11,,,9.15.1 build 11 62624
768cdb7b-4772-40f5-9ad8-8b6dbbe42d0f,Louie Rick Jaugan,https://play-lh.googleusercontent.com/a/ACg8ocLNScxhV6lySrNBnPRAsQHn0jd7BlCCfzEUz7_SBmFoYL_coQ=mo,there's no fee trial anymore,1,0,9.15.1 build 11 62624,2025-05-20 07:34:10,,,9.15.1 build 11 62624
da881958-199d-4f4a-8150-d9e0733efbff,ditismita Kalita,https://play-lh.googleusercontent.com/a/ACg8ocL6ioUqzmKylZz3bd-NwA4yiMmY5KpcVddl697tfryCpH_aJA=mo,fantastic,5,0,9.15.1 build 11 62624,2025-05-20 06:44:09,,,9.15.1 build 11 62624
c19fd419-2b12-43e2-8a99-c1ecc1654929,aman kumar Yadav,https://play-lh.googleusercontent.com/a-/ALV-UjXyIvGOQERvnHpDrebDnbBD3LUgGPoQ_IGT3qq_YLFT4rRJ7XMwNQ,nice,5,0,9.11.1 build 10 62492,2025-05-20 06:42:31,,,9.11.1 build 10 62492
24153651-81b0-4045-a38a-e567a4b29958,Sorna Meena,https://play-lh.googleusercontent.com/a/ACg8ocJu_5Cu62nn8bYx-KB8Sqx0EHUdRzaOxp_Tg0ecl4b8YAV83w=mo,nice day and night üåô ‚ò∫Ô∏è üòä,5,0,,2025-05-20 06:31:55,,,
fa22ff6c-f28c-4050-9124-c75a3c17127b,Elisha Stella,https://play-lh.googleusercontent.com/a/ACg8ocLp891PkjmBRSO89XoPfqZs5vQXXvkSpvFlSwOUEBznppzWhQ=mo,I start using Netflix since I had phone and I love the series there,4,0,,2025-05-20 06:31:10,,,
8a63d9df-6026-4fcc-81d1-3df0729ca3f2,Jose Navarro,https://play-lh.googleusercontent.com/a/ACg8ocLa_Q9HTydhAonTy7_vc1Obn1Umpln3_mv7a6uqDyvfVwnnCIyQ=mo,Terrible service. App overrides my brightness settings,1,8,9.15.1 build 11 62624,2025-05-20 05:37:57,,,9.15.1 build 11 62624
944ff4c3-18fd-4e2d-95ae-f39770e9ddbc,Meghana Srinivas,https://play-lh.googleusercontent.com/a-/ALV-UjUBVnRx3wnjFib_BXglLbXVgpCl32ao7yziQsTpj8V4FdUitYJN,nice,5,0,9.15.1 build 11 62624,2025-05-20 05:35:53,,,9.15.1 build 11 62624
6dd8e504-1e85-4197-8a26-f0a8bec799b6,Erika Hazeel,https://play-lh.googleusercontent.com/a-/ALV-UjVJvTVPIzl-yaQVUqkiucB20dbEU6wKmUXW-4FFQx6njt4rhCEU,Ïñ¥ÎñªÍ≤å ÏÇ¨Ïö©ÌïòÍ≥† ÏòÅÌôî ÎÑàÎ¨¥ - how use this app ?,5,0,9.15.1 build 11 62624,2025-05-20 05:14:00,,,9.15.1 build 11 62624
d521dedc-38f2-4b28-8257-fd023a0cddbc,Biswajit Singha,https://play-lh.googleusercontent.com/a/ACg8ocKwcncgPe4z4wp6XfJyNcvnSI8NXmrCv6DufxGUhpgbz741MA=mo,useful app,5,0,9.9.1 build 9 62416,2025-05-20 04:57:57,,,9.9.1 build 9 62416
3891f682-4165-4efd-b5c4-9823b02d68dc,Bisoye Folawiyo,https://play-lh.googleusercontent.com/a-/ALV-UjVNoNkmVEONyT21K8jcNVF1gc5CQIRILfIN4cckgEOFw4zV16Y,perfect,5,0,9.4.1 build 4 62196,2025-05-20 04:51:54,,,9.4.1 build 4 62196
5b2b0be2-8528-45cb-b0bf-bb5f36fadc9b,Ezekiel Adeiza,https://play-lh.googleusercontent.com/a/ACg8ocKwnyydj5ybnHk7Lb64dTUukoceqGR1kqBDYaVqBy6Za7LOXg=mo,nice app,5,0,,2025-05-20 04:42:40,,,
f4f3ee3a-db58-41eb-9744-be0f9a32629f,Sheikh Rahman,https://play-lh.googleusercontent.com/a-/ALV-UjVM9Ez9T64_XMPgeokPwr6VLaxsTlbKgdOquTqMk6C4-xeMzTg,Best Service,5,0,9.14.0 build 9 62572,2025-05-20 04:39:44,,,9.14.0 build 9 62572
eec2f422-46d5-4df4-a7af-1ac998868176,paramesh Babu,https://play-lh.googleusercontent.com/a/ACg8ocL7FU7PXWwRLeLLMoUflMufAFPXFyfOvTAMyktIm1FeWSY_Pg=mo,"I've been using the Netflix app for a while. It would be great if there was an option to add the audio language I want, even if the movie isn't originally in that language.",3,0,9.15.1 build 11 62624,2025-05-20 04:24:35,,,9.15.1 build 11 62624
5da5c048-04f2-471b-b21c-819e8b34ad6d,Doug Kyle,https://play-lh.googleusercontent.com/a/ACg8ocKcE6u0h94EgBw-GXgMQk2L-0ihb9G5hDVNK8TACCUBmdwTqQ=mo,I follow the troubleshooting and still have no video...,1,0,9.15.1 build 11 62624,2025-05-20 04:20:54,,,9.15.1 build 11 62624
5b7d0a50-bfd0-4687-96fd-d5a5f8b27f7c,HyunJae 914,https://play-lh.googleusercontent.com/a-/ALV-UjXBqKntG5_bz_ckzHkv5zBTEANOV-INB5vvJQzLQ0Y-6o8e20E,Stupid app won't let me watch anything. Just a black screen and super long loading times. Definitely not a problem wohh the internet or my phone. I tried everything that I can think of but still not working. Waste of money if I can't watch anything. The chat support isn't very helpful also. They don't respond. Might cancel next month,1,0,9.15.1 build 11 62624,2025-05-20 04:12:37,,,9.15.1 build 11 62624
4daf55e6-3d8a-4811-af01-4989b8e52a98,Adam Kiewel,https://play-lh.googleusercontent.com/a/ACg8ocIDGaA9oLNQH7t89ObTkwyCumghwUSqsa7XLlBsRFCR5fK6=mo,"why do streaming services lose your place, then make you watch a half dozen ads just to get back to where it should have already placed you?",1,0,7.87.2 build 16 35298,2025-05-20 04:11:58,,,7.87.2 build 16 35298
bc84add6-f072-46e0-952a-328f2229a0ce,Rishab Khatik,https://play-lh.googleusercontent.com/a/ACg8ocIPqAp6dk_2W2vTLvYtrZhlyZJP06tvp9-3C97eVGUb2I9eLA=mo,very nice,5,0,9.14.0 build 9 62572,2025-05-20 04:11:23,,,9.14.0 build 9 62572
62cb0417-f8cc-4079-b7c6-bc47a8d7d1ba,ihavenoidea_01,https://play-lh.googleusercontent.com/a-/ALV-UjUxy09-uPvke_m7hvEPvLVh6oo3XtPLtu_fob6OqKhgQQ-8D3Aq,too expensive. not worth much,1,0,9.15.1 build 11 62624,2025-05-20 04:03:16,,,9.15.1 build 11 62624
5b2132e5-c747-4e21-afd3-5d38ded227e5,Jaslyn Cabigayan,https://play-lh.googleusercontent.com/a-/ALV-UjVi56Dj8whWgL5qoKrE948Uwjh7xmX3BZKpnmrC1qyZ2rqmcfEL,I love watching netflix it helps me relieve my stress,5,0,9.15.1 build 11 62624,2025-05-20 04:01:03,,,9.15.1 build 11 62624
b5824e44-4602-427d-9ca6-24bf31a96b3d,Shivagiri Maddela,https://play-lh.googleusercontent.com/a-/ALV-UjV3_p5u8OVLtnCMzVfcBIqi0s-xDaoZKWVF2SS6teNGdM3wHco,"Worst streaming service experience ever. Recently, I have billed my Netflix for basic module that costed at 199rs/month on 6 may 2025 but it expired unexpectedly in 15 days on 19 may 2025. Which literally made me outrageous and there was no proper response from the helpdesk. Skip this platform.... i would give it a zero stars but it is not possible in the playstore.",1,0,9.15.1 build 11 62624,2025-05-20 03:58:39,,,9.15.1 build 11 62624
ebc1bd56-05db-4d92-8a7f-1a08a9435980,Armazel Apostol,https://play-lh.googleusercontent.com/a-/ALV-UjV8NnK1n2-c1RZ6JgqpEBrBRF0arMuuxpmDDh6CwZ15BiQQpvLl,"it's my first time using this but, there's so many manyyyy things to do to sign in, like whatüíÄ and the password I enter is correct but it keeps rejecting. do the developers even have a common sense?üò≠ I will never try this ever again, not even a single tutorial of how to sign in if you get issues üôèüôèüôèüò≠üò≠üò≠üò≠ nevermind, money greedy app, you just want to get rich üíÄ you probably roast ""poor people"" that can't buy. For the people who are poor don't download thisüôè",1,0,9.15.1 build 11 62624,2025-05-20 03:55:36,,,9.15.1 build 11 62624
836f6262-cf9b-4df9-9502-2f40d997b89f,Antony Ajay,https://play-lh.googleusercontent.com/a-/ALV-UjW-umVnbxk4sE577LfCKnRwRLNr9kgz3yFr72OzceAnX4Ig21s,"*FRUSTRATED* Been a user since December 2024. I really enjoyed the experience so far but this month ( May 2025 ) I cannot access my account. There is a pop up saying ""your membership is paused please add your payment information to continue streaming"". This was shocking because I activated upi auto pay at my membership start itself. For the past five months there was no issue. This month even though the payment is done, the app is asking for an update payment. Really disappointed with netflix.0‚≠ê",1,0,9.15.1 build 11 62624,2025-05-20 03:51:37,,,9.15.1 build 11 62624
2cf3dffd-fcb0-4584-9575-2fdc5b1f59b9,marvs basabe,https://play-lh.googleusercontent.com/a/ACg8ocLAKY0cnOe8ONHNNrBZVWMxxtlvCf_BJhG8W6uFcQsRFocl2Q=mo,"is there a movie ""final destination""?",1,0,,2025-05-20 03:48:12,,,
22c75466-14c8-4340-b325-831b9f6b2f4a,√áynthia Salas,https://play-lh.googleusercontent.com/a/ACg8ocJYCScxggCYysF8XyLD8K-n7WeDvJdJIXn8ehLDuPNBllvJOw=mo,the. movie. monster,3,0,,2025-05-20 03:38:31,,,
79db1b1c-0dbe-4b90-b4c1-1d0e33eea3fe,Arun Kumar,https://play-lh.googleusercontent.com/a-/ALV-UjXCr16HoAWiANZ6Y7FLftpoJidf52AYykxXrd5ePqR4dvWwzgUh,Average,5,0,8.139.3 build 31 51120,2025-05-20 03:35:10,,,8.139.3 build 31 51120
e1d3dc2a-c1e7-40c5-8c58-7d7ccfd02694,Ronnie Rethero,https://play-lh.googleusercontent.com/a-/ALV-UjVmeQjHWomD4v_9HnysI1t5mGEVmqyn7Mkou4cgzET-JCZcGZRU,ok,5,0,9.15.1 build 11 62624,2025-05-20 03:28:00,,,9.15.1 build 11 62624
72cf4164-cfc8-400e-8b91-8b5a32b7b46b,Suraj Kumar,https://play-lh.googleusercontent.com/a-/ALV-UjXg63xtiGWsungG8oW5mA9XyjOiWz4MY9E7slXLT4UVHURG0Yl2,bed app,1,0,9.15.1 build 11 62624,2025-05-20 03:07:29,,,9.15.1 build 11 62624
be25e57a-b418-4701-a91a-dc7551dc3026,abishek Khadka,https://play-lh.googleusercontent.com/a-/ALV-UjW-VIZVchn9lxMXXZ_P_kKdSSQO353JoR873zotmpjVIBqyRsYR,this app is good,5,0,,2025-05-20 03:05:03,,,
ce1a45cf-4002-4e8c-ac2a-9d30d9c8aaa1,Ama Nhyira Obeng,https://play-lh.googleusercontent.com/a/ACg8ocK3aArEwmYzsUtAK5-pTEA4ti0AhlEONm7mVyPcAN24m7HQKA=mo,Very good love everything,5,0,8.59.1 build 12 50370,2025-05-20 02:44:41,,,8.59.1 build 12 50370
adc8f098-25f6-41b3-b9b0-8064e15b328d,Tyeson Romphf,https://play-lh.googleusercontent.com/a/ACg8ocIJxGaGh12F5MwVD-B4MHpihttj5z5q5y2g_3TZT5bd2AxOFA=mo,Netflix You have 2 weeks to add the rest of the Naruto seriesi'm coming for you and doing it myself.,5,0,9.15.1 build 11 62624,2025-05-20 02:16:09,,,9.15.1 build 11 62624
97e2cc8f-f1c5-4aa3-ae30-37cc2fbe0a92,Nhlamuselo Nhlangwana,https://play-lh.googleusercontent.com/a-/ALV-UjXx0mGL63PD6m9psgU38DxZmOK4ATVUvLRKBwFq3Tu9HTctTgs,üî•üî•üî•,5,0,8.116.0 build 8 50690,2025-05-20 01:55:11,,,8.116.0 build 8 50690
3c203570-2e5e-40ed-8896-5a4189a9c61d,Laura Gemola,https://play-lh.googleusercontent.com/a/ACg8ocL9BwbJfp4vNAK7mXIjcoyFJpS3B7lKPEyX970s_44lacxUEw=mo,to many Todo before you can sign in and watch it's not my recommend,1,0,,2025-05-20 01:50:53,,,
f8a48f3b-79de-4a12-a6d0-57f3a4effac1,Mike S,https://play-lh.googleusercontent.com/a-/ALV-UjXkMbWorbFz7dyU-VdVI3wfI35lkCCQDbkaIOGuzQTRnHMkbFUuWg,"Devices on our home Wi-Fi keep getting signed out. We have to request temporary access every 14 days. Customer service told me to watch 5-10 seconds of a show before leaving the house and connecting to another Wi-Fi. So now everyone in our house has to watch a show quickly before we leave the house, or I have to deal with passing out individual access codes to everyone in the house every couple of weeks. I'm not sure the service is worth the hassle.",2,0,9.15.1 build 11 62624,2025-05-20 01:49:42,,,9.15.1 build 11 62624
291ddfbe-403b-4f75-867e-968637caba9c,Anally Cabalan,https://play-lh.googleusercontent.com/a-/ALV-UjVeMw5P5OAlWvCzm18ha8daynan1PEhICER7dfUX_aG8nF4OWtk,add more gumball seasons,1,0,9.15.1 build 11 62624,2025-05-20 01:46:39,,,9.15.1 build 11 62624
cf25acf2-8521-41e5-9d10-8002767f63c3,BRM T,https://play-lh.googleusercontent.com/a-/ALV-UjXkXab3TI7pO9DS4vJWA5voom1L9mwMhH3r9-JAj2UgpEfUJwcwnQ,"I can't watch anything, even my downloads. It's just loading endlessly.",1,1,9.15.1 build 11 62624,2025-05-20 01:26:04,,,9.15.1 build 11 62624
43648d97-5e5a-408c-a055-5a2934b6e19c,Charles Penhale,https://play-lh.googleusercontent.com/a/ACg8ocLCWfTPif7wD2xizvDUsUWpmKNoKLsM2q6d8H60HR9LK9TOtaMa=mo,what's the point of having Raw if it can't be cast? Who wants to have to watch wrestling on their phone?,1,0,8.102.2 build 20 50611,2025-05-20 01:15:40,,,8.102.2 build 20 50611
add7dc05-6d92-4a7f-a802-b11ec95228ab,D,https://play-lh.googleusercontent.com/a-/ALV-UjVYlVEpH0H1IFGeCIolx-HuP7bo7P-Z0PdOUxzlEL2E6McuSnAgvA,get this off my phone,1,0,,2025-05-20 01:03:45,,,
462caf9d-8842-4eea-9518-0a3c392519e8,Changeling,https://play-lh.googleusercontent.com/a/ACg8ocKshsc66ixd3xS5cangh0hiWmfe2UjzPaeGqbSoxLrO7cUmZQ=mo,Massive always! üòäüíöüáÆüá™üá¶üá™ü•∑,5,0,,2025-05-20 00:55:18,,,
9c9cb531-95f7-4729-aa5a-276a5157e23b,Chris Wright,https://play-lh.googleusercontent.com/a/ACg8ocJ5TS50hyZrXoVXeWI9HGsy4k4N5kz1R-GgWBEwte1GQ4mFTg=mo,it's gotten really bad I pay for four accounts. the price has gone up. still no new shows or movies. it's starting to get ridiculous. I'm going to cancel soon and come back in a year if things don't change. I find myself on Crunchyroll and Amazon prime more then this now,1,0,9.8.2 build 6 62380,2025-05-20 00:46:30,,,9.8.2 build 6 62380
b7d7f206-99b0-474f-9281-364c61a73cc4,Selah Swinarton,https://play-lh.googleusercontent.com/a-/ALV-UjUSogPtcZ-HSzeVXpxyI8wjSi6OSgLri2SnL6Gida2XsinXPmI,"I LOVE THIS APP SO MUCH!!! But it does glitch out sometimes and that's fine. Aside from that I get to watch all my favorite TV series like stranger things , Grey's anatomy and wensday . This app is great I hope you enjoy it as much as i do!!! üòÄüòÄüòÑüòÑüòÅüòÅ",4,6,9.15.1 build 11 62624,2025-05-20 00:20:38,,,9.15.1 build 11 62624
e10e5812-b487-4034-b193-1bdf81919856,Trina Deeds,https://play-lh.googleusercontent.com/a-/ALV-UjU4MMfIYRcLwBTb8qkWFHMJ1k_EVaJMoXRU3RxlpN5qNmnuFvA4,I love this app so much that it my favorite,5,0,9.15.1 build 11 62624,2025-05-19 23:55:56,,,9.15.1 build 11 62624
8622b880-9372-4e4a-8c95-149a8632ea4d,Karyliz Rosario,https://play-lh.googleusercontent.com/a-/ALV-UjUffdyC5AyyI6fgMnuVp9yHDTJMhXE671R1alKua5Jk2HDShQI,"it's stupid how many times I have to keep updating my tv's... even on my OWN HOME. If I'm watching in the bedroom, and want to swap to the living room I have to ask for permission? As if you were cheap!... If I could give 0 stars. I would.",1,0,9.12.0 build 5 62504,2025-05-19 23:47:13,,,9.12.0 build 5 62504
235eb7a0-92bb-4318-a771-b562cc7384df,Nirel Coleen,https://play-lh.googleusercontent.com/a-/ALV-UjV5kibGYq-Albb1hVmJL5L8F4Mz4FE-Ucb64Ob8vHX4aHM2OE6o,Suddenly this app won't play any vids on my phone even I downloaded the vids. There's no help agent to ask for assistance regarding this issue,3,0,9.14.0 build 9 62572,2025-05-19 23:26:33,,,9.14.0 build 9 62572
8a3fcd01-b416-4187-8cfd-ba7a5c75be79,Gaggu Gill,https://play-lh.googleusercontent.com/a/ACg8ocKkP9IBhCcg30AUDnO8XlzS-K-R7MAjR2GHMaBmMAFtFEuj0g=mo,it's not working sucks,5,0,,2025-05-19 23:16:35,,,
b9621f3c-14f6-46a8-8435-ea6bc2c4bb77,Stephen Curran,https://play-lh.googleusercontent.com/a-/ALV-UjVe7y3KoB8QCIJ6xuJSRg1XZIg4B4KgLsIWMZeTyxykhENXhNox,Always exactly what you need üòú,5,0,9.15.1 build 11 62624,2025-05-19 23:10:52,,,9.15.1 build 11 62624
ecbf780b-3675-4fbf-9644-42bf561c51ff,Susie S.,https://play-lh.googleusercontent.com/a-/ALV-UjUucU8pfr8XUyPL6rjbY8jVq2lWZKozxi2lUD4HVz6OebMmr4e2,ads now? really? so we just got duped into paying for TV that was and still is free... wow.,2,0,8.86.0 build 6 50506,2025-05-19 23:06:57,,,8.86.0 build 6 50506
52e9cc8b-ce3d-4fdb-8f6b-835b606d9584,Nicolas,https://play-lh.googleusercontent.com/a-/ALV-UjWTsa7hNyBmc6fY4FogRlNgYAyhx8iUTZ0_sIgIW981fC_gIdBx,"After adding an ads tier, constantly raising prices, adding ai ads, and obviously harvesting data, I'm rejecting Netflix. They do not offer nearly enough to justify all of these greedy practices. Plus they don't release full shows anymore, they release in chunks to keep you coming back. This company thrived off small quality shows, and acquiring larger quality movies and shows, they don't have any of that now. Their tent pole movies and shows are garbage, horrible writing and horrible quality.",1,0,,2025-05-19 23:04:29,,,
b7a16b65-f071-4ebe-be17-c80df5d0b4c5,Z Keiler,https://play-lh.googleusercontent.com/a/ACg8ocKau09iPQG2ttL2H1rcaJO9FAMxFXqS5ZKeuanu7Zik8eosGQ=mo,"I can't say I haven't had my share of technical issues, but the customer service representative was very helpful, and on-point.",5,0,,2025-05-19 22:59:51,,,
2e83ba69-6e2f-4164-b83b-2da00cc0c814,Emrick BULK,https://play-lh.googleusercontent.com/a/ACg8ocI3ILq6zSjv50OO2hKPNpnjgEEHUyTgVBR03FesF44CJdqoTA=mo,I love this app. I love all the shows. I've watched all of them like 3 times each. no cap.,5,0,9.13.0 build 5 62532,2025-05-19 22:31:34,,,9.13.0 build 5 62532
42195b46-3225-4f6b-842a-bc59a8784e21,Brooke Martinson,https://play-lh.googleusercontent.com/a/ACg8ocJ0-FU3RDbAwMCIGAO7TZUFORkOEL1suQybJjQ5PlGt-BOJ7g=mo,everything is good except you have to live in the same house to use it or have to get a code sent to use the account like how you gonna do that when me and my father don't live in the same house,4,0,9.15.1 build 11 62624,2025-05-19 22:04:08,,,9.15.1 build 11 62624
6f0d928c-abae-4c9f-adea-25acf11e772f,Chanelle Barrows,https://play-lh.googleusercontent.com/a-/ALV-UjUaqtISFhObOb1lM-XCgUZeD2RQMKScBRGCdm-7d7jL5-pY-m3L9A,Inside job part 3....üò≠,5,0,8.140.1 build 14 51170,2025-05-19 21:53:33,,,8.140.1 build 14 51170
7be8e71b-8a02-4d51-9806-c1815698ba4b,Rosalie Bronda,https://play-lh.googleusercontent.com/a/ACg8ocIq6eqSP5Kiohidu57_KUwEItifIbJUdpGxuuJ61_-5OJkH7Q=mo,Hndi ma open,1,0,9.15.1 build 11 62624,2025-05-19 21:30:57,,,9.15.1 build 11 62624
3e8ba237-d535-4237-a66f-1b6b444ce3f9,T W,https://play-lh.googleusercontent.com/a-/ALV-UjUnlxU7F1bGkx409DViD3GB8BPrk2H3jmlwWJQBCx8rYiO3JAB6,Google tries to scam you to buy,1,0,7.73.1 build 15 35102,2025-05-19 20:58:43,,,7.73.1 build 15 35102
635fb28e-2eac-47eb-b9da-391cf205fd3f,Kaenaan,https://play-lh.googleusercontent.com/a/ACg8ocJD27DwujRt_OSlAQtfLyDsKPqQhfFzAC2zeREq2BufmHOLKg=mo,it is the best app out there it I truly amazing and it is cheape and it is just amazing,5,0,9.15.1 build 11 62624,2025-05-19 20:33:35,,,9.15.1 build 11 62624
e3b1f9d6-7896-42be-9602-3dee069a185b,james stevens,https://play-lh.googleusercontent.com/a-/ALV-UjX10IgDM3F_kW15cxngD8KO3Vt1olG9jrZBEftxOQ5Cgm18nQn29A,loading issue just sits at logo page. works on all my other devices.,1,0,8.31.1 build 14 50243,2025-05-19 20:29:11,,,8.31.1 build 14 50243
ae3b0583-4e9c-4ddd-b84d-0b92572c68a5,Majjela,https://play-lh.googleusercontent.com/a/ACg8ocIDYSpcnkEygu9ZmPX95SMJWZzYTf8akPOXs-3QBmwzCYJvRQ=mo,some how slow,5,0,,2025-05-19 20:28:30,,,
d0edccd7-016e-4d39-b359-0b7e567fe563,Charles Lynch,https://play-lh.googleusercontent.com/a-/ALV-UjX2H6RJ4yUmRkAlO_l0HiNuFC0yL7oYm_opz4CCnEbt-Gc-PHahFA,"recently updated the app, now whenever i watch newer content from netflix, the screen is so dark even with the brightness settings on full.",3,0,8.140.1 build 14 51170,2025-05-19 20:27:40,,,8.140.1 build 14 51170
1180bdc7-99e0-4a93-8449-1fa2991f1215,Izu Offor,https://play-lh.googleusercontent.com/a/ACg8ocLnsPFooDL3Y23JBYZ0yofddgWz8wQct_RWDY3jrE2BQKyJPA=mo,"this app is rubbish, it is not supposed to be found because it is totally worthless üò§",1,0,,2025-05-19 20:24:59,,,
95df428d-6810-4db0-b90f-62ab5da9249d,Arfen Erel,https://play-lh.googleusercontent.com/a-/ALV-UjWvX13VQ3Hj9qhONvSrJhdTG-dxC5NyjAGlpXUkWMnVZMt9WLfs,"horrible no puedo ver nada fuera de casa. Soy la cuenta principal, que verg√ºenza de plataforma. Nerflix tiene m√°s restricciones que el Papa :@",1,0,9.15.1 build 11 62624,2025-05-19 20:19:52,,,9.15.1 build 11 62624
47288213-2f45-42a4-afe7-1fe35081cbd4,JaMeL Y'T,https://play-lh.googleusercontent.com/a-/ALV-UjWLwUiHdwlTZ01PtK5j6vpqv5A5XK15nyyjaBJDfTB2zYfRTS6e,why i can't subscribe üò≠,1,0,9.15.1 build 11 62624,2025-05-19 20:06:53,,,9.15.1 build 11 62624
39a3b05b-c233-4863-b02e-9beeff09567a,Damien B,https://play-lh.googleusercontent.com/a-/ALV-UjWXmQkM52ZiQR5WyAEUMQZUYs19C6OHg9Td105_v9r8vLiPJlOTdw,"Keeps getting more expensive and worse. They pay to make algorithmically generated slop and cancel good shows because not enough people watched the first episode in the first 20 minutes. They keep ditching their licenses to good old shows. Heralding the death of good TV. Also, puts ads in your notification feed by default.",1,7,8.128.0 build 5 50793,2025-05-19 20:02:59,,,8.128.0 build 5 50793
c0813fb4-53c4-4f87-970f-946583e258bf,Shams Juma,https://play-lh.googleusercontent.com/a/ACg8ocLjcLWmf7b83X3bqVkhCNaqnfaj2vNQ0y1-l6sbPYBrElemBg=mo,I can't sign in,1,0,7.54.2 build 38 34837,2025-05-19 20:02:36,,,7.54.2 build 38 34837
8257e4cb-2c98-49c9-bfea-6674e9fc3197,Nancy,https://play-lh.googleusercontent.com/a/ACg8ocKw8yOQFvID0eJLkPTGLAeVMgeiy_9xukOJ42E0oRrPkgZkZA=mo,Great!,5,0,,2025-05-19 19:34:08,,,
9a8740c0-3929-4416-a27f-ea557557608a,Rinzler,https://play-lh.googleusercontent.com/a-/ALV-UjWa7oEALjTeaUSpuZ2wp91k5-y4Qq5SkNJZheVOfpApB0P7gtfF,mighty quest can u please add this game back I can't find it anymore,4,0,9.15.1 build 11 62624,2025-05-19 19:33:15,,,9.15.1 build 11 62624
98f56574-c357-45be-97d5-c4948f8260f8,Karka,https://play-lh.googleusercontent.com/a-/ALV-UjXkyY2lhAJLQSvDEOU7TIGP89WxWFLUI5HUZw-eU0KlGFFKh0iX,Dodajcie z powrotem S15 i S16 Ninjago üôèüôèüôè,3,0,8.78.0 build 13 50461,2025-05-19 19:31:31,,,8.78.0 build 13 50461
c914c84a-2bd5-4154-901f-3d09c1aa0581,Kritika Jharia,https://play-lh.googleusercontent.com/a/ACg8ocKzFqeTZjlS9cWzljnYNKY-EsX8SYkRfH6hoNxxAz0LfJ0gmA=mo,when I paused the video ...the video got stopped and did not play for a day,1,0,9.15.1 build 11 62624,2025-05-19 19:20:56,,,9.15.1 build 11 62624
b4da74fe-1370-4d5c-a00f-241a4a2a068a,Emilia Dura,https://play-lh.googleusercontent.com/a-/ALV-UjWefcNxuwM3FuHR5jV2Ae-kR7NIP7wqmveEQRzwSQ6-XvUrQ54,"yes its very good but some shows/movies aren't available for me while they are for others even if we're in the same country. ridiculous, it was my favourite show too.",2,0,,2025-05-19 19:02:55,,,
9a389cd0-135b-462f-9653-6f55296d2d7a,Rayappa L,https://play-lh.googleusercontent.com/a-/ALV-UjVtx0yqTPrr6qGg07eHqYxgonWCtaVB2wpmLPB1dyqh2FGRTgAS,"no good.There are no Kannada movies or Kannada shows on your app. But there are Hindi, Telugu, Marathi, Tamil, and other languages. But there is no Kannada language, that's why I'm cancelling.",1,0,9.15.1 build 11 62624,2025-05-19 18:59:58,,,9.15.1 build 11 62624
5f6bf4ed-c011-4613-8093-04b3e3493918,Hlengiwe Hlongwa,https://play-lh.googleusercontent.com/a/ACg8ocLexkEH3ExIihA4_tQKk47G5F1A0UX0tlM6ubL4dLi9RXs1Ew=mo,very good üëçüòä,5,0,,2025-05-19 18:55:04,,,
17dab855-fcf5-4745-9aae-1324f184590c,Megha Bhanot,https://play-lh.googleusercontent.com/a/ACg8ocKgv1rXyHBkXPfQWSpS76czPd9FTtS0a-6dC-jHOfqYvGyu6g=mo,uninstall hi ni ho rha... poor app.. doesn't work,1,0,,2025-05-19 18:29:27,,,
22162208-df69-43c7-a89f-f675d879ddee,Christian Yates,https://play-lh.googleusercontent.com/a-/ALV-UjWy85hroYgHVccPMA4VZMeueZmZveQvs3UZJTrn2-Y7NtjzPMo,amazing,5,0,8.143.1 build 11 52000,2025-05-19 18:29:09,,,8.143.1 build 11 52000
20275e59-4b25-42d8-8ed5-519dd0810bd5,Imbabazi Salathiel,https://play-lh.googleusercontent.com/a-/ALV-UjVIIX3igSwJxZGauOEjnBy6Tu9zJaCPbbMJBh7RH_HaJifFAPY,Perfect,5,0,,2025-05-19 18:28:27,,,
014328f6-bff7-4198-8157-e16d169bc995,RAvi Bhawsar,https://play-lh.googleusercontent.com/a-/ALV-UjX2WKA5u98qt4sWnvg5a_w1Wupbm7odT4S5ShwckP3sHSGcfC9W,can't play any web series flim only play notification while playing any content on it it's only loadingüîÅ,1,0,9.15.1 build 11 62624,2025-05-19 17:49:51,,,9.15.1 build 11 62624
07f22ef3-56a5-43de-9e18-92732787d9f0,Las hermanas Sima,https://play-lh.googleusercontent.com/a/ACg8ocIedCZVITOonE7FEU1MLgFeqfANme4_ITtUKS1_cjTezjfYNw=mo,it's not easy to sign up and it's disturbing in the television,1,0,,2025-05-19 17:39:04,,,
b9bbed39-bce7-49c0-8add-1aa53fa01f41,Elvia Torres,https://play-lh.googleusercontent.com/a/ACg8ocIpR-V4MOc4dHWu_5qdz2HPjy3HWW8TpNFuNdLH6sLsQ8CnZg=mo,I love Netflix! so many shows to watch,5,0,9.7.1 build 9 62328,2025-05-19 17:35:59,,,9.7.1 build 9 62328
e62362c8-20bf-4128-a80b-3620cee9fff9,sandeep singh,https://play-lh.googleusercontent.com/a-/ALV-UjUL7XedXH0ZwmJPOoh-vZubLUEYGw-rGGjt2zrTeSdgriigcBRz,"Netflix uses fake asvertisements to click bait users. They show names of movies that are not available in its platform. So guys buy some genuine platform subscription that have what they advertise. Don't fall for Netflix anymore, it's full of free movies that you can see without paying for in any other online platforms.",1,0,9.15.1 build 11 62624,2025-05-19 17:29:13,,,9.15.1 build 11 62624
d84d5157-4e38-4b00-9dbb-d075873629b1,Emily Smith,https://play-lh.googleusercontent.com/a/ACg8ocKVsE6exJpJhTvtFbzZaARSJ3R9wZs__Fvw3aUrZ5BPlabfmA=mo,just overall good and people stop complaining about brightness don't move ur phone while watching something because it adjusts,5,0,9.15.1 build 11 62624,2025-05-19 17:27:34,,,9.15.1 build 11 62624
50f4b902-0e43-4234-ab5e-1fb2e719c81f,Safiya Umasr sidi,https://play-lh.googleusercontent.com/a/ACg8ocIRIKYfEIwDNWhbVaVE8KXwhYBw7V15iB-PXHHeGMg7khM9-w=mo,I can't find most of the videos I wants to watch!!!,1,0,9.15.1 build 11 62624,2025-05-19 17:25:39,,,9.15.1 build 11 62624
9ead2987-6767-4486-a67e-2c1d3a532d7b,Juan Elizalde,https://play-lh.googleusercontent.com/a/ACg8ocKneuVsRlOp7ob52qf15Cby1Hiu_xI4mM6CKjFEDcKUyso34w=mo,ads and they only let you use it at home now. cant even watch it on my phone. nickel and diming people when they have 301 million subscribers. At 7.99 a month thats 2.4 billion dollars a MONTH and they still want to charge you more money and limit you as well.,1,0,,2025-05-19 17:15:01,,,
889a4860-a371-46f1-b903-ea6020f46029,Dellin Gurura,https://play-lh.googleusercontent.com/a/ACg8ocL6dUK8de1zPyyfgn_pS5tpSvQ_-dVT5LFqPw4j46eVwnaQAw=mo,anything,5,0,,2025-05-19 17:13:47,,,
f13e027f-4d30-48e6-92b4-79fd165536a6,Paula Kelly,https://play-lh.googleusercontent.com/a/ACg8ocKt0B-TmMVDOBOruxpXCnrBBtXHlnB4EkJR5Z7LJ5YkupzHAg=mo,very good,5,0,8.141.1 build 13 51230,2025-05-19 17:03:21,,,8.141.1 build 13 51230
7a6438af-e971-45e3-87dd-6cce9e4866ea,Anneline Le Roux,https://play-lh.googleusercontent.com/a-/ALV-UjVaTXg0deYSNUmIIttIBz4JAdpbmqk-sD4OdbgCxGweFiF_huja,The app was fine till I had an update ant now it is lagging.,2,0,9.15.1 build 11 62624,2025-05-19 17:02:42,,,9.15.1 build 11 62624
7a0de737-172e-4f0e-9a49-852316753de2,Chad Wick,https://play-lh.googleusercontent.com/a-/ALV-UjV6JA3P2wkNgTSGQ9oaA2fkHUQzK3Iq5PiRFxWgNdJVXqTCyGCV,Ai Ads,1,0,8.11.1 build 12 40101,2025-05-19 16:59:34,,,8.11.1 build 12 40101
11188978-0428-414e-82e8-a6706e937107,bryan dexter,https://play-lh.googleusercontent.com/a-/ALV-UjXAvej05v9e4ps2Rwrz5M_-_RIg0HJZFJ0_DwQPWHs_SMpUoSQ,"Why do the videos stutter even tho it is downloaded, or streamed on a fast internet connection?",1,0,9.15.1 build 11 62624,2025-05-19 16:58:18,,,9.15.1 build 11 62624
87a220e0-8a3f-428f-9a30-ad8fe8cbf908,Azhar Zubarey,https://play-lh.googleusercontent.com/a-/ALV-UjWyw4_ZUsjLC1WYscoAEoM2fdU66xd5m70pqC9b8AipuB64TeTc,flooded with glitches and lags,1,0,,2025-05-19 16:38:35,,,
711fafa0-50ce-4639-99d0-f03797f9435a,Derrick Doran,https://play-lh.googleusercontent.com/a/ACg8ocI7l-5JIuGXYzeg6QUJc2d_uzE7kqQt5KO0jKx1kxTPIY2l2A=mo,it's good,5,0,,2025-05-19 16:32:01,,,
f78833ba-e8bd-4b7d-8f9e-f38e239873f0,Dr23rippa,https://play-lh.googleusercontent.com/a-/ALV-UjUsHm_8Rd8zVxuHMLCmpEzwJ5fSoeWrAJfFRh8HcjR2P69epcSS,Have spent hours before a holiday downloading films and series to watch abroad. Getting a screen popping up saying not available to watch anything in your region. Disgusting kids are going crazy!,1,0,9.15.1 build 11 62624,2025-05-19 16:30:04,,,9.15.1 build 11 62624
7ac67333-b943-4722-8d4d-989d480b07c5,Dhanasree Cheepulla,https://play-lh.googleusercontent.com/a/ACg8ocI6CiZf7P_xPLFGRBp7TqCRSXmL7wSP6eo3-oXx8QQL8WNO=mo,many shows are seen not available on Netflix even tho it shows it has,1,1,9.16.0 build 6 62648,2025-05-19 16:07:37,,,9.16.0 build 6 62648
a9de4c81-6580-46cd-80c4-3e450333b430,Arpandeep Kaur,https://play-lh.googleusercontent.com/a/ACg8ocKX11o6YUix-iTf9-0Oi4VgytrIIf3nXDd_VX6PFDUnvpPgug=mo,superb,5,0,8.134.1 build 10 50872,2025-05-19 16:02:32,,,8.134.1 build 10 50872
7db90655-6d87-45cb-a98d-4dcd6841fbd4,Vidhya Kudtarkar,https://play-lh.googleusercontent.com/a/ACg8ocJyXPHPgTNVCph56oukJnMH1TiYeHNeKb95MlifikaWFqnnZUk=mo,very good web series original,5,0,9.15.1 build 11 62624,2025-05-19 15:58:10,,,9.15.1 build 11 62624
5ede1f98-2f03-4dea-8d38-338b59350c85,Vijay Ray,https://play-lh.googleusercontent.com/a/ACg8ocIVCWpNIyg6g1UQWSAtZbqLoXgdoiuuEWJsdLpJYcEXJVuKQA=mo,best app,5,0,9.15.1 build 11 62624,2025-05-19 15:52:55,,,9.15.1 build 11 62624
9cdc9384-36c8-4e6f-a622-331196d4243a,Robert Foghel,https://play-lh.googleusercontent.com/a/ACg8ocIHr_BwmsB31GHElVzbt1H8vPNZ5y-KvYhoFjMusU4YL4pBjA=mo,"Horrible customer service. App does not work on tablet, customer service can't help and said not to bother them anymore...",1,0,9.15.1 build 11 62624,2025-05-19 15:42:07,,,9.15.1 build 11 62624
5e33e86e-ab4b-48b2-9816-f952d1fc90ce,Ayesha Shahid,https://play-lh.googleusercontent.com/a/ACg8ocIQKJn2CQPpc-YMxlO-NYLzJHiOj34NpY0OQ7TpBmeliPBDjQ=mo,good,5,0,,2025-05-19 15:37:56,,,
b6693808-cc67-4dc5-b648-0f86bf63d9ea,Jatin Kuumar,https://play-lh.googleusercontent.com/a-/ALV-UjVu87R9q8arS3Gp2CWijjQMsanmLXtZnHGmbAeq-yKzmx7vzlpK,best,5,0,9.15.1 build 11 62624,2025-05-19 15:33:20,,,9.15.1 build 11 62624
a44dd0eb-afdb-48ac-88cf-7b629c65c5b0,Ayden Anderson,https://play-lh.googleusercontent.com/a/ACg8ocLbYB9u3AyDWpqvDphJJf5coI5kmE0w6O5It0YfdZAnR6oyOA=mo,it won't down load,1,0,,2025-05-19 15:32:47,,,
24ccacaf-dead-4d9e-a0cc-43e8cf08cc22,pitta tirupati,https://play-lh.googleusercontent.com/a-/ALV-UjWKA6uR54Kcnpd9RgpPpBgyckBOeZr5O2TfxQBaNZ6xkSYbrhib,keeps buffering always,2,0,9.15.1 build 11 62624,2025-05-19 15:30:26,,,9.15.1 build 11 62624
38a3be11-74e4-4330-b0fd-18bd1114c831,Cyrus Akon,https://play-lh.googleusercontent.com/a/ACg8ocL9pCeJH6--AKmMJ1g_wqXL05yYlPSrT7XxGfW8cZ4yFvJbXyQ=mo,please can you allow us to make payment with our subscriber identity Module so that people without visa can have access to it am giving Star one does not mean it is not a good app but I want u guys should add more payment method Thank you,1,0,9.15.1 build 11 62624,2025-05-19 15:25:33,,,9.15.1 build 11 62624
54b20b38-4804-4857-a6c9-fbb2d2e862c3,Iver,https://play-lh.googleusercontent.com/a-/ALV-UjVDgloNEsVs6-2Aaf8fJnuIydqf385ewjf842UzKZgINWjmEnJD,Arrrr!,1,0,9.15.1 build 11 62624,2025-05-19 15:19:31,,,9.15.1 build 11 62624
8ac15327-8f7d-4b51-8691-bf05777ef00c,Scott Bremner,https://play-lh.googleusercontent.com/a/ACg8ocLUpnDGbvaZ8NGay4BnJcBYfCAALxiiPHGfdWBLO-n6isHZrg=mo,damn near impossible to update,3,0,9.14.0 build 9 62572,2025-05-19 15:10:43,,,9.14.0 build 9 62572
b4f20711-4e84-44de-873f-959ec37162d5,charishma vr,https://play-lh.googleusercontent.com/a/ACg8ocL_QwOHjTsqQqRABA9KBl826FNWMUrTH_Z_UAILHDwUxBpkKSI=mo,"The app refuses to load the movie, I've been trying for the past 2 days but each time I try to load anything it crashes my system and now it won't even accept payment",1,1,9.11.1 build 10 62492,2025-05-19 15:08:28,,,9.11.1 build 10 62492
b3902fac-980c-478f-8b61-bbca846a5cdf,Andre Chandra Halim,https://play-lh.googleusercontent.com/a-/ALV-UjWBOMy6whiYs8d572YaY5-2Y0-bnI2uAElUjTBhZn1I7DtlGHc8,after update android security cannot play video,1,0,8.132.2 build 18 50846,2025-05-19 15:06:37,,,8.132.2 build 18 50846
7f4d2e91-02c2-4dc4-8deb-a34a30f1849b,dion guemos,https://play-lh.googleusercontent.com/a-/ALV-UjUU132b2ty6FhQDHiwUKOmNNFY2iyAa7fs_SMUlzFiRuzEGEyvJ,Absolutely stupid that it won't let you use it on different WiFi than your house. Especially when you travel for work.,2,0,9.13.0 build 5 62532,2025-05-19 15:06:05,,,9.13.0 build 5 62532
80e919c0-f4a2-472a-8bba-2ccd13c861a5,Snehalata Pati,https://play-lh.googleusercontent.com/a/ACg8ocLgAed_G9tyJviGivm8VsGJWmsG9RQbc944z8tifv0bwD5ZMQ=mo,üí†,1,0,9.15.1 build 11 62624,2025-05-19 14:34:25,,,9.15.1 build 11 62624
f35f97df-edaf-4842-996f-2c7c10c4ef61,Anwer Alkhalifa,https://play-lh.googleusercontent.com/a-/ALV-UjWhP-TdOhwJeHiIi_OSYmz7b1Wvhmq--EPixDSZyGZNWX3nz2rN,"I don't like the subtitles display on Google Pixel 8 Pro, it looks grey and I can't see a thing. On Google Pixel 7 Pro, I can see the subtitles and I can read them very clearly. Is there something wrong with the Netflix subtitles display on the Pixel 8 Pro?",2,0,9.15.1 build 11 62624,2025-05-19 14:23:30,,,9.15.1 build 11 62624
7c984abc-8b15-4deb-80c1-4866764ec6f8,Princess,https://play-lh.googleusercontent.com/a/ACg8ocJwWzHI8lS8WXlgI9O7eoHV5mhyW9F_DXsQUFomxnWU3ImflA=mo,We pay every month and yet there are movies that are not available in this app? why?,1,0,,2025-05-19 14:20:16,,,
e9d1f2f1-9b8a-4260-a4cf-bd3e9999caff,Lahiru Gayashan Rathnayake (‡∂ú‡∂∫‡∑í‡∂∫‡∑è),https://play-lh.googleusercontent.com/a-/ALV-UjX4uODPuFqYua0TPYadKkGJ04EXsIm5dZDDcoWODqvGt06gvuGn,"I got family package. I can not even log into Neflix Error. ""Your device isn't part of the Netflix Household for this account. They cut money every month, but do not look for this error.",1,0,9.15.1 build 11 62624,2025-05-19 14:13:19,,,9.15.1 build 11 62624
206a1f19-c59c-4d44-873a-73b8ec320dd3,Shaik Ameersohail,https://play-lh.googleusercontent.com/a-/ALV-UjVD50F9UdPrdANb-Yy4_nMGTVkC3lWMKz_3JaszCOkR7bk4GjBE,good quality,5,0,8.141.1 build 13 51230,2025-05-19 14:11:04,,,8.141.1 build 13 51230
f7ec3b35-37c9-4d4c-9983-072a008fef9d,Andrew Fernandez,https://play-lh.googleusercontent.com/a-/ALV-UjWq_9tH1z5s0hPddlzwKlycGyoarT9aD8STXwLRBu-Tp705Ytw,cant connect on my smart tv,1,0,9.15.1 build 11 62624,2025-05-19 14:08:12,,,9.15.1 build 11 62624
0cf6a9a1-98b1-494e-8ac9-b2e233179759,Emmanuel Mercado,https://play-lh.googleusercontent.com/a-/ALV-UjVYQpDczPi52TP79MiEB--d2gKu4W628OB2T_KNbhW9nLDk4Iw3,Netflix overriding brightness from my phone. Even the lowest dim settings aren't that dimmed.,2,0,9.11.1 build 10 62492,2025-05-19 13:50:40,,,9.11.1 build 10 62492
db16a650-7b69-4828-ba37-3c52f61c31e4,Senthamizh Iyyanar,https://play-lh.googleusercontent.com/a/ACg8ocItXT2ENYKD3fNn_hDKTOzKFWgzM0XXv8nRTJchMHY_rNmQ4w=mo,"loved this app ,it cure my depression....it makes my everyday to be entertain,and happily thanks for this app",5,0,,2025-05-19 13:46:46,,,
b659491d-9f6a-49d0-878d-a0cccab65feb,NamiN Okaii,https://play-lh.googleusercontent.com/a-/ALV-UjU8toFTdeSdZvhkIvVaMSiYQhblYAM_VMItHtt6Jl8GqDi5xVI,Best movie,5,0,,2025-05-19 13:46:20,,,
acccda1b-ed3f-4b6f-9233-ba674a4d4241,Fisnai Gaming,https://play-lh.googleusercontent.com/a-/ALV-UjUNzwJvZbpSpKtKwnbv_nTqon3XQrj8VUlCWRmFPitRCiCxNCM,"Mobile games spammed across the whole app, would be great if there was an option to remove them.",1,0,,2025-05-19 13:43:59,,,
772acb6f-5990-4187-9c05-de43e97eae7f,Rima Mimi,https://play-lh.googleusercontent.com/a/ACg8ocJatJ6Y5nP5ZQHuQNXymaFqtyFB78kquUfOPXwMaI8gsAF4lA=mo,ok,2,0,9.15.1 build 11 62624,2025-05-19 13:28:25,,,9.15.1 build 11 62624
593fd76f-6812-4b1d-b1bd-6714692746c6,Haroun Butt,https://play-lh.googleusercontent.com/a/ACg8ocI12yU721WIqcZouPzB3RcHPVNNkkaUFt7AvDRmXb7VqyOAAg=mo,please net please Pakistan mein easy Paisa Wala option laye na transaction ke liye please help üò≠üò≠üò≠üò≠üò≠üò≠üò≠üò≠üò≠,5,0,9.14.0 build 9 62572,2025-05-19 12:55:18,,,9.14.0 build 9 62572
13344991-6936-4784-b21b-0dfe1fabc5ca,swish bill,https://play-lh.googleusercontent.com/a-/ALV-UjVhDnidhI2bhIOScc4iFy-AYMzxVUjwCDMejBUnInI7KjP7OVrX,"Constantly getting worse, they never actually deliver the streaming quality they promise and now you can't use your account without getting a code when you're away from home. If you don't have it you don't need it and you should probably just pirate their stuff anyway.",1,1,9.15.1 build 11 62624,2025-05-19 12:47:34,,,9.15.1 build 11 62624
857d0208-1a16-4467-9f73-d5122c426ee1,official.bangbang,https://play-lh.googleusercontent.com/a-/ALV-UjVcDK9uM7HkitQlV-tFBKiydLnv8d3WwjvS-JRm8KNKNYWAsDjd,Good,5,0,9.14.0 build 9 62572,2025-05-19 12:47:27,,,9.14.0 build 9 62572
878f6329-cba0-4664-81c7-607cce4595b7,Mosin Bhat,https://play-lh.googleusercontent.com/a-/ALV-UjVQJlc8pNXh7bXrxZ2dmud6oiSijRYPGetrLe9R7JxfrF7W9Vk,this app is very good application is very clever not froud 200 percent very fear app plzzzz use this this is my opinion and said me,5,0,7.120.6 build 63 35594,2025-05-19 12:45:14,,,7.120.6 build 63 35594
d56b3957-f5d3-4af8-8c03-2091cb25f051,Karl Joshua Dublon,https://play-lh.googleusercontent.com/a-/ALV-UjU6LTnkZHA9H7uYDgXWR1R41ivUQTUo0aA_0QdmuDIIKYGZpSo,"SCAM APP. TOOK MONEY FROM ME. SAID THAT MY ""ACCOUNT IS ON HOLD"" THEN ASK FOR ANOTHER PAYMENT OPTION.",1,0,,2025-05-19 12:34:04,,,
b0c084b7-38f9-49a1-a1b8-a2f3b30b9f97,Joshu Zumaya,https://play-lh.googleusercontent.com/a/ACg8ocKkyFpKzkqJEvio1PTml1vExokzBhVAPz8B9pHIDe_WIAmcww=mo,I love it,5,0,9.15.1 build 11 62624,2025-05-19 12:20:54,,,9.15.1 build 11 62624
eb96caa9-dbf0-433d-8001-37b2a4a1f8bb,Melanie Crause,https://play-lh.googleusercontent.com/a/ACg8ocJYRRawO8o_1qqkVr-m_LYEybRmGzeEv3rvRotgwgtOfaVX-A=mo,vampire diaries is the favourite move for me ‚ù§Ô∏èüå∫üåºüíÆüå∏üå∫üåºüåªüåπüå∏üíÆüå∏üíÆüå∑üå∑üå∫üíêüíÆüíê,5,1,9.15.1 build 11 62624,2025-05-19 11:57:46,,,9.15.1 build 11 62624
3c68e074-1929-4be0-8946-04950a17a86a,Ammar Taher,https://play-lh.googleusercontent.com/a/ACg8ocILJNfDh9UkWuM79YijVsZVcn_qFX4SKz-JGMHEoR-GRhBtYw=mo,horrible,1,1,9.15.1 build 11 62624,2025-05-19 11:50:39,,,9.15.1 build 11 62624
6533d239-6eda-43d1-93f5-ebc20ea8c572,Mary jane Madronio,https://play-lh.googleusercontent.com/a-/ALV-UjX63Qe_G-xUDA5p8Xvqdn0TN0MkUE5GXcQsMxNyulkAw15u8lUv,Good,5,0,9.15.1 build 11 62624,2025-05-19 11:38:30,,,9.15.1 build 11 62624
26bf784e-c097-4a6d-a93d-e5c765512c5c,Incredikad X,https://play-lh.googleusercontent.com/a-/ALV-UjV2qw5NzsSEC8kCozifY4hWB-eEL08e0guYsmPLX89QeFPULBhW,cost wayyyy high nowadays. i started Netflix @$7.99. Now its stupid high and the bloatware app will not reinstall. üëé,1,1,,2025-05-19 11:35:52,,,
42d2e257-f3ce-40e1-be96-0c6a3409c52f,Mihir Lathiya,https://play-lh.googleusercontent.com/a-/ALV-UjVJEpQLZfRNDIcGNv7SzunLCsdTkcebzhoHQ66HJRlJ9Us_R2U0Vg,Bard of blood is great Thanks üòç,5,0,8.104.0 build 5 50619,2025-05-19 11:20:59,,,8.104.0 build 5 50619
6eee8f59-66f9-4b7e-85fc-1989ccfd289f,Amelia Crazylady,https://play-lh.googleusercontent.com/a/ACg8ocIV_-gCPy-FASbeaFHYea94C0oIaI8e-OE-OReLLDl9spzitKc=mo,Every time I try to watch anything on Netflix the entire screen is completely blacked out and all I can do is listen to whats happening and it sucks.,2,0,9.15.1 build 11 62624,2025-05-19 11:05:08,,,9.15.1 build 11 62624
a7f20cef-987f-4075-a4fa-739b930e9355,S.,https://play-lh.googleusercontent.com/a-/ALV-UjXGlRC9YRPsCOQVL2GRU8_lULofLWeogOQ72CTEX-IkHnkhFIAhow,Screw their price hikes. This used to be a great alternative to piracy. The content isn't even really that good anymore.,1,0,8.95.0 build 13 50554,2025-05-19 10:30:08,,,8.95.0 build 13 50554
1842d38d-cb19-4d0c-ad50-257b4189df7f,Ë≤û‰∫´Êñ∞Ê∏Ø,https://play-lh.googleusercontent.com/a-/ALV-UjWRbz0YxKj9GqfLZ-zrH_Atxhbl0IhjMS2ValAMY2Q7B3T52Nx_,"No matter what I watch, it freezes over and over. It even turns off my phone for some reason, and it ONLY happens on Netflix. Sometimes, it doesn't even play anything at all, and I'm just stuck on a loading screen. Sometimes, there's no way for me to get out of the loading screen because it starts bugging out my entire phone and freezing everything. It's not even my wifi because it's always completely fine.",1,0,9.5.1 build 6 62240,2025-05-19 10:25:45,,,9.5.1 build 6 62240
0021bb6a-d34d-4a57-a674-54f6d38aab92,Dennis Poulson,https://play-lh.googleusercontent.com/a/ACg8ocIKryLT9pq8yPpIj1JVLM7z8SA9u2AS6GsZY3XQ26pGO_3N8g=mo,good,5,0,,2025-05-19 10:11:00,,,
e85d69b5-c43b-4719-8a22-e49c3f415d13,Calvin Pietersen,https://play-lh.googleusercontent.com/a/ACg8ocIfrXWPBJfCsZF8OKj235tzEucTXBR2uvydWhJW5oeFD_9cpQ=mo,Netflix is the best Thank You,5,0,9.15.1 build 11 62624,2025-05-19 09:45:24,,,9.15.1 build 11 62624
6c8278a5-2fbb-4e63-b9fc-5b485204e009,Andrea Hayes,https://play-lh.googleusercontent.com/a-/ALV-UjWfYYRZftiKPzb-cQ7cnppE2Ru_XnRZQH7CgADlG4XyEyFvXEY,good app but could change the content more it's the same movies and such for months on end I don't use it as much these days because of this I use prime and tubi etc till they finally release new things to watch my son has cancelled his subscription because of it,3,0,9.15.1 build 11 62624,2025-05-19 09:34:12,,,9.15.1 build 11 62624
1aa01740-e807-4d90-aa6f-a6a991267b58,Muadz Jumdani,https://play-lh.googleusercontent.com/a/ACg8ocKRyUxaHMm5Ae6iug0V1r5rLQUMNwa9_wEm-ZBLtXgPz9b12w=mo,don't download this app freaking,1,1,9.15.1 build 11 62624,2025-05-19 09:21:05,,,9.15.1 build 11 62624
381db111-cd59-4897-b6bd-1fa908c5f717,Karabo Mogala,https://play-lh.googleusercontent.com/a/ACg8ocISisOovNSvlF0J4IN-MKL0kDIaK6mpKm15gZ9x71ESMIjogw=mo,good,1,0,,2025-05-19 09:13:17,,,
7cc3e556-7b33-4713-b7f1-724424680749,Mohamed Youssef,https://play-lh.googleusercontent.com/a-/ALV-UjXAxbCTqMpxGs6socAlnMCwFQasllfH7MKtEaj4uJ-FjbMMKJy7,bad life,1,0,9.14.0 build 9 62572,2025-05-19 09:10:26,,,9.14.0 build 9 62572
942b641b-e40a-4f3d-be15-bf7d0e1f466a,prashant Constantine,https://play-lh.googleusercontent.com/a/ACg8ocJoiYSrvqVXEeoay9KMVuQK7ldsGhQo0iXno_WcVffHkiCDIw=mo,"Why am not able to watch my downloads there is always error coming 5.7.1 what's ur problem since whole day am just restarting my phn , or restarting the app whats the problem now am even getting 2.111 problem what's wrong with this app even after being so expensive",1,0,8.140.1 build 14 51170,2025-05-19 08:59:56,,,8.140.1 build 14 51170
f6ee7d75-c701-441c-bc76-d29f2386d624,shiran shiran,https://play-lh.googleusercontent.com/a-/ALV-UjUUp_B2Ya5FcIuqPDzVgW781doIWm_keKeTtex7JUx23eI085AD,you don't have to pay and it is a great app to watch movies,5,0,9.15.1 build 11 62624,2025-05-19 08:35:24,,,9.15.1 build 11 62624
bbfe1777-1f03-49d0-9b47-56a3d70c5c26,Kristie Bahus,https://play-lh.googleusercontent.com/a-/ALV-UjWfzg9K72PEs8-dmZf75n6rsv2szUAxFvql-5Q8ObOc7sf34lk,lame that you're forced to install the app on your phone. Why can't we just watch it from the browser instead of wasting space on our phones for an app we will probably only use once a month.,1,0,8.6.1 build 14 40054,2025-05-19 08:24:44,,,8.6.1 build 14 40054
8874c76a-b1b8-4209-8593-7b1272af21d6,Anita Padwal,https://play-lh.googleusercontent.com/a/ACg8ocJ4pAW4XHYg7m2n9BuFaJ2L9pwNOCioO-Ass87NkiflHpS9qQ=mo,good üíó,5,0,9.14.0 build 9 62572,2025-05-19 07:36:52,,,9.14.0 build 9 62572
158256b7-10fa-4d57-8030-aa46cf1d763a,Nargis Shaikh,https://play-lh.googleusercontent.com/a/ACg8ocJ_RBmoGWJOXyaA1PWO1xQ4Fkv7NZ-iJcgFOHR0ZHZcgy-dAg=mo,dear netflix kindly dubbed show in hindi alsooo...,3,1,9.15.1 build 11 62624,2025-05-19 07:25:19,,,9.15.1 build 11 62624
883e477b-7d7c-4d05-811a-cabae3160d64,Kirk Richmond,https://play-lh.googleusercontent.com/a/ACg8ocJ3mGJirUlYZs047LTtyzlVybwmk7ITSxDYNM3FyKabsoQZbg=mo,"Netflix has the WORST servers with littlw to no ability to handle the streaming numbers, and then has the gall to blame my internet connection when it is most certainly not. For the price Netflix charges, I should NEVER have to wait for something I am watching to buffer halfway thru, nor should I have watch poorly buffered and pixelated content because Netflix's servers can't handle the flow. Talking to many other people, I have found this is a common occurrence. Switching to Prime. üëéüèæüëéüèæ",1,0,,2025-05-19 06:49:41,,,
ecd51eec-09ce-4156-8a40-9cee095d1d7b,Rosie,https://play-lh.googleusercontent.com/a/ACg8ocJGQ9JF93p1R2LvY-hTxRilWvV1QKUiVn3x7urNJq7a5HG5vw=mo,poor movie selection and not 8.00 a month just to watch adds every 5 minutes,1,0,,2025-05-19 06:42:33,,,
722685c8-102a-40dd-aa12-2a57df9e909f,Lina Ramirez,https://play-lh.googleusercontent.com/a-/ALV-UjVmjb3stUhHpw0i0BXExX7R_NDmimLrCV2-eD8zouE7uKdixhjJ,It's outrageous that now tier 1 subscription can't cast to chrome cast!! I have to pay more to watch my shows in a bigger screen??? this is insane.....,1,0,8.139.3 build 31 51120,2025-05-19 06:06:16,,,8.139.3 build 31 51120
623ab7ed-b07e-4765-a3c7-8d77a1ca039d,Richard Russell,https://play-lh.googleusercontent.com/a-/ALV-UjUJvKmAkH3GrvC1ZVdmFqaZLtsx4nOnRZG4U1qBefWGxmjhvzlpew,The quality of entertainment is not as good as it used to be.,3,0,8.141.1 build 13 51230,2025-05-19 05:58:55,,,8.141.1 build 13 51230
091fb838-c612-44a6-ad10-9f2c00e54ca5,Santosh Kumar,https://play-lh.googleusercontent.com/a/ACg8ocK2Fd31gQVe28gLy_NhDjjwM1e7OEpvkm1PkItZdov0HaYVaQ=mo,Contain Ads. Not Cheap. Low Quality Streaming even after high tier pay. Not Satisfactory. And trackers are a different story. Not Privacy Friendly.,1,0,,2025-05-19 05:56:18,,,
9dab95b1-f1cb-4d6c-9ba6-6177f124c4c0,Arvind Thalal,https://play-lh.googleusercontent.com/a-/ALV-UjVyAep-ysZuSGbnhnWtrOfx9bDN5-F6mwADhULa6AQyeVRl1Bip,faltu app he login kar ne ke 149 ‚Çπ le ta he üò°üò°ü§¨üò°ü§¨üò°,1,1,9.15.1 build 11 62624,2025-05-19 05:50:23,,,9.15.1 build 11 62624
4a22dc08-1ecd-4379-9527-942e59db2535,Adi,https://play-lh.googleusercontent.com/a-/ALV-UjUzu9Y1rxCAQUq1xjHsgZioM43AhmjHrbCr2kJly-7UPgHnSYRH,Everything's great. But nowadays Netflix keeps lagging it would be great if the lag could be fixed,4,0,9.15.1 build 11 62624,2025-05-19 05:25:50,,,9.15.1 build 11 62624
1b45b0d3-d234-4bc6-89d3-aca8d48c295f,Vaidehi Patel,https://play-lh.googleusercontent.com/a/ACg8ocJKxnkNk9v18bKHIfEMhb5aPU-PKdVF9CJqRDnqC5igGgMqZQ=mo,good,5,0,9.15.1 build 11 62624,2025-05-19 05:22:45,,,9.15.1 build 11 62624
3734a9a1-e683-4f06-9dfe-3c20b2665882,saifi Abbasi,https://play-lh.googleusercontent.com/a-/ALV-UjUr0lPUIfnE16cN7wzlygRrjvygXMmKOAg73CNo-fGHuIgI80A,it is very bad app it took money to show you movie,1,0,,2025-05-19 05:22:35,,,
faa37c79-e425-418e-a402-632ec7563aec,Vaibhavi R Annigeri,https://play-lh.googleusercontent.com/a-/ALV-UjVIyJvyvpD8eBJP6RD9BWssmX2lNRewmHpDmdKZyDZxpyVRQYQ,it is nice but they don't promote the popular TV shows like that 90s show,4,0,9.15.1 build 11 62624,2025-05-19 05:17:41,,,9.15.1 build 11 62624
65155bc5-d791-4a46-8332-7d23a0337306,Farha Ibrahim,https://play-lh.googleusercontent.com/a-/ALV-UjVZIactRQeaSeg88MAtyT8fdHGaFYSPiwEawjjCaZ_ExHqPCs09bA,"I really enjoy the shows on Netflix, but it‚Äôs frustrating when some of my favorite series don‚Äôt get continued. The endings feel incomplete, and it leaves me wanting more. It would be great if Netflix listened to fans and gave us more seasons to follow the stories we love. Please consider bringing back some of these shows or continuing where they left off!",2,0,,2025-05-19 05:05:49,,,
89bf6047-2909-40d5-8fb7-e9db9b574508,Vincent,https://play-lh.googleusercontent.com/a/ACg8ocLAZt40PSRIcoChcOWvLVfo9loC_bWJuT5L_ZslBm4TgQ4tpQ=mo,unlock hotel transylvania and send it to the kids profile,5,0,,2025-05-19 04:50:10,,,
39afadaa-ee05-4b68-9455-0023967b9d29,Kyle R,https://play-lh.googleusercontent.com/a-/ALV-UjXMaFmomFGe6mdeGfUUGD7B1WkEtNxpeLvbhXQTc4wPLnM9sJk,Brightness keeps overriding the phone settings.,2,0,9.15.1 build 11 62624,2025-05-19 04:46:34,,,9.15.1 build 11 62624
d362f9dd-f2f3-4862-943f-7ade98085b2c,Sunanda Choudhary,https://play-lh.googleusercontent.com/a/ACg8ocIgSpjdTrMFELtRrPaKeAhQdM-UXAaOMoVFZJpSoRTCRDDS8g=mo,real app,5,0,,2025-05-19 04:24:05,,,
8f2acd78-7b7f-44bb-bc14-ef6b5a763f6d,Hung Hoang,https://play-lh.googleusercontent.com/a-/ALV-UjVmt_U7rq4EZ96Nezg0YbYcn7ZXj3o8vPstmM1H2WZ9FvuCNrzU,way to many ads sometimes up to 5,1,0,9.15.1 build 11 62624,2025-05-19 03:56:10,,,9.15.1 build 11 62624
f7d3f506-7614-41d7-ba43-5b1bd7da283f,Jarold Cancio,https://play-lh.googleusercontent.com/a-/ALV-UjVBc-U8LfijFnx8v3LoSbraKM2ULLBfvg_8dh7I8Eiy-Y7gqEaG,why not udating my payment? what happen?,1,0,9.15.1 build 11 62624,2025-05-19 03:47:19,,,9.15.1 build 11 62624
8258a2b5-de04-427d-80f8-7dd3e3459e3b,Mekala Vara Prasad,https://play-lh.googleusercontent.com/a-/ALV-UjUHyab1FYdK2tsBTGZKzT-uu-oSYm7XLgtDvR_-RU6W6xD8k4kC,mi tv Netflix was error problem,3,0,9.15.1 build 11 62624,2025-05-19 02:50:43,,,9.15.1 build 11 62624
850dd04b-ec13-44e4-9d42-58dfb04c56b8,Ajith Ajith,https://play-lh.googleusercontent.com/a/ACg8ocLiK396jwGobEvibwxzFiKG2p1HxTe-fxMeXF83lw5jxaI29g=mo,I am disappointment in this app only only waste,1,0,,2025-05-19 02:19:55,,,
a259c9df-0040-4efb-b57b-ad1ea6052cac,qi,https://play-lh.googleusercontent.com/a/ACg8ocLtLPk7rPF1tPkt2NFci9Ij3iec35yijxcPPYLOEFF4tXxTF8o=mo,Netflix... janganlah ko remove haikyuu. Nanti sa tonton itu series dimana pula? üò°üò§,3,0,9.15.1 build 11 62624,2025-05-19 02:04:30,,,9.15.1 build 11 62624
cb84b19d-feb4-47ee-ace5-005b58c3b0f4,Dennis Richardson,https://play-lh.googleusercontent.com/a-/ALV-UjX0ftSBXh_L-hi6debLRkVJE3XI_Yi7gFmZGj9u0tkTjF5aqsWy,can't sign in or recover password,1,0,8.121.2 build 22 50727,2025-05-19 01:55:51,,,8.121.2 build 22 50727
19ba636d-8cbe-4a11-9f7c-7d565d2c9765,Kenzie Barnett,https://play-lh.googleusercontent.com/a/ACg8ocI3YT9WMA4Q6ysgNqXnqEpqV45sIgiLWPSrDx4XHKhXQKnCQg=mo,I love netflix.But...I hate the adds i hate their new adds on mobile.Please remove adds im tryna Binge watch outer banks,5,0,9.15.1 build 11 62624,2025-05-19 01:54:07,,,9.15.1 build 11 62624
d21d60a0-8cbd-4ee5-a657-bfc1ddfa6175,ailyne,https://play-lh.googleusercontent.com/a-/ALV-UjWQ4AwjnqOUrSKvXEOAxlbxxpWMoUoc7o3SXJfSJL9yNnYTWySz,"movies nya banyak yg kurang ah, tolong series disney munculin di netflix pls",3,0,9.15.1 build 11 62624,2025-05-19 01:47:42,,,9.15.1 build 11 62624
dfda85e9-44ae-41b3-a41c-672f304c7c26,Mauricio Guzman,https://play-lh.googleusercontent.com/a/ACg8ocIgM3WGe_vS6PAPJFSCvNsf7fP7qBzTrOLaqkd4vDnjmkQ1UA=mo,Love the App but can you add Alvin and the chipmunks the old ones plz,5,0,,2025-05-19 01:42:09,,,
9db62f0c-eb7e-4a9c-a72c-9d38528ebfeb,Matt Larsen,https://play-lh.googleusercontent.com/a-/ALV-UjVe9HXfExl8Py0Ps4nlBAfL8nMM6Pn_HTRRwuZ--J_6YrujPMBV,the ads keep getting longer and more numerous you guys suck Right back to the '90s commercials and all,2,0,8.126.0 build 9 50771,2025-05-19 01:31:44,,,8.126.0 build 9 50771
3548d3b4-ede7-473e-8003-74a1646e3e34,Grayson Burkham,https://play-lh.googleusercontent.com/a/ACg8ocKI35bab1Q01LmabUKBuFfin0VtVYy61lKc9ZnXWronAu_0TQ=mo,says the device isn't part of my household even though it is. I guess that's what happens when your company tries to extort people?,1,0,8.142.1 build 13 51334,2025-05-19 00:48:27,,,8.142.1 build 13 51334
